variable,overall_mean_sensSlope_slope,overall_sd_mean_sensSlope_slope,overall_max_mean_sensSlope_slope,overall_min_mean_sensSlope_slope,overall_tstat_mean_sensSlope_slope,overall_pvalue_mean_sensSlope_slope,overall_df_mean_sensSlope_slope
iceIn,0.07042614974422054,0.02922316446468304,0.11690043536283815,0.023351158670608985,12.522429220750057,4.651032253270635e-13,26
iceOut,0.02823311274722847,0.009838724778632485,0.05065356314942773,0.016303830356495408,14.910830468666845,7.433298919041558e-15,26
duration,0.14522486346317895,0.024239264612977048,0.19611090794519875,0.11503013683879207,31.131741749188176,5.402279484229146e-23,26
